{
  "Vout_MAE": 36.21531295776367,
  "Vout_RMSE": 43.20386103577361,
  "Vout_R2": 0.324677050113678,
  "IL_MAE": 111.50299072265625,
  "IL_RMSE": 145.5029531487248,
  "IL_R2": 0.6480967998504639,
  "Vc_MAE": 36.247135162353516,
  "Vc_RMSE": 43.213486268846815,
  "Vc_R2": 0.32437610626220703,
  "overall_R2": 0.4323833187421163,
  "KVL_residual_norm": 81225256.0,
  "KCL_residual_norm": 62781360.0,
  "DAE_constraint_error": 0.866132915019989,
  "Power_balance_RMSE": 4002.403076171875,
  "Energy_conserv_err_%": 33.21350860595703,
  "KVL_max": 147752608.0,
  "KCL_max": 122446432.0
}