{
  "Vout_MAE": 114.36603546142578,
  "Vout_RMSE": 125.74235035132357,
  "Vout_R2": -4.7204413414001465,
  "IL_MAE": 380.02099609375,
  "IL_RMSE": 451.9535028628498,
  "IL_R2": -2.3952138423919678,
  "Vc_MAE": 114.35225677490234,
  "Vc_RMSE": 125.7236708271358,
  "Vc_R2": -4.7187418937683105,
  "overall_R2": -3.944799025853475,
  "KVL_residual_norm": 411.83367919921875,
  "KCL_residual_norm": 30.302513122558594,
  "DAE_constraint_error": 0.03283269703388214,
  "Power_balance_RMSE": 32.225948333740234,
  "Energy_conserv_err_%": 99.2264633178711,
  "KVL_max": 499.77764892578125,
  "KCL_max": 39.605159759521484
}