{
  "Vout_MAE": 26.569841384887695,
  "Vout_RMSE": 35.955167192652056,
  "Vout_R2": 0.5322767496109009,
  "IL_MAE": 124.13236236572266,
  "IL_RMSE": 189.71775911864447,
  "IL_R2": 0.40173226594924927,
  "Vc_MAE": 30.802099227905273,
  "Vc_RMSE": 45.61436359323262,
  "Vc_R2": 0.24721723794937134,
  "overall_R2": 0.39374208450317383,
  "KVL_residual_norm": 3.968653917312622,
  "KCL_residual_norm": 4.7899088859558105,
  "DAE_constraint_error": 20.025672912597656,
  "Power_balance_RMSE": 2523.829833984375,
  "Energy_conserv_err": 5175.720703125,
  "IRK_IL_residual_norm": 2.0697498321533203,
  "IRK_Vc_residual_norm": 2.7166082859039307,
  "IRK_max_residual": 8.696258544921875
}