{
  "Vout_MAE": 27.94317054748535,
  "Vout_RMSE": 36.93701915137526,
  "Vout_R2": 0.5063830614089966,
  "IL_MAE": 50.551429748535156,
  "IL_RMSE": 73.55653584042516,
  "IL_R2": 0.9100663661956787,
  "Vc_MAE": 27.92079734802246,
  "Vc_RMSE": 36.82973751507995,
  "Vc_R2": 0.5092462301254272,
  "overall_R2": 0.6418985525767008,
  "KVL_residual_norm": 31.77782440185547,
  "KCL_residual_norm": 425.5143127441406,
  "DAE_constraint_error": 0.778634250164032,
  "Power_balance_RMSE": 5864.16357421875,
  "Energy_conserv_err": 45759.92578125,
  "IRK_IL_residual_norm": 1.98435378074646,
  "IRK_Vc_residual_norm": 2.398329734802246,
  "IRK_max_residual": 7.100616455078125
}