{
  "Vout_MAE": 36.753692626953125,
  "Vout_RMSE": 43.74424348289298,
  "Vout_R2": 0.3076779246330261,
  "IL_MAE": 124.31036376953125,
  "IL_RMSE": 155.2177402071039,
  "IL_R2": 0.5995370745658875,
  "Vc_MAE": 36.72627258300781,
  "Vc_RMSE": 43.85147272505508,
  "Vc_R2": 0.3042795658111572,
  "overall_R2": 0.4038315216700236,
  "KVL_residual_norm": 34496512.0,
  "KCL_residual_norm": 1487702.375,
  "DAE_constraint_error": 4.148514270782471,
  "Power_balance_RMSE": 4299.57763671875,
  "Energy_conserv_err_%": 34.40335464477539,
  "KVL_max": 43302100.0,
  "KCL_max": 4347803.5
}