{
  "n_total": 93,
  "n_train": 65,
  "n_val": 14,
  "n_test": 14,
  "input_features": [
    "Vin",
    "D",
    "Fs",
    "L",
    "C",
    "Rload"
  ],
  "target_features": [
    "Vout_avg",
    "Vout_ripple",
    "Voltage_gain",
    "IL_avg",
    "IL_peak",
    "IL_rms",
    "Iout_avg",
    "Power_out",
    "Efficiency",
    "Settling_time"
  ],
  "X_scaler": {
    "method": "standard",
    "fitted": true,
    "mean": [
      47.261538461538464,
      0.6238461531125582,
      34769.230769230766,
      4.999999873689376e-05,
      4.70000013592653e-05,
      1.0
    ],
    "std": [
      7.841265445512116,
      0.13159018144539153,
      14998.224747020235,
      1.0,
      1.0,
      1.0
    ],
    "features": [
      "Vin",
      "D",
      "Fs",
      "L",
      "C",
      "Rload"
    ]
  },
  "Y_scaler": {
    "method": "standard",
    "fitted": true,
    "mean": [
      120.37200962946964,
      63.22646592947153,
      2.5509684342604415,
      414.77210787259617,
      423.39129028320315,
      414.9355030940129,
      120.37200962946964,
      16098.07442533053,
      84.12328643798828,
      0.0005771839673308513
    ],
    "std": [
      40.108024496158485,
      47.01545913744096,
      0.7410837316970946,
      270.3116109871538,
      271.8720486190319,
      270.28237511081596,
      40.108024496158485,
      10678.12240427448,
      10.66922841180983,
      0.00033010503954651827
    ],
    "features": [
      "Vout_avg",
      "Vout_ripple",
      "Voltage_gain",
      "IL_avg",
      "IL_peak",
      "IL_rms",
      "Iout_avg",
      "Power_out",
      "Efficiency",
      "Settling_time"
    ]
  }
}