{
  "Vout_MAE": 38.48164749145508,
  "Vout_RMSE": 49.86840103587642,
  "Vout_R2": 0.10025954246520996,
  "IL_MAE": 175.30308532714844,
  "IL_RMSE": 205.86623387530068,
  "IL_R2": 0.29555052518844604,
  "Vc_MAE": 38.284423828125,
  "Vc_RMSE": 50.023358801476434,
  "Vc_R2": 0.09465920925140381,
  "overall_R2": 0.16348975896835327,
  "KVL_residual_norm": 36046916.0,
  "KCL_residual_norm": 423513.25,
  "DAE_constraint_error": 1.5636241436004639,
  "Power_balance_RMSE": 4146.0966796875,
  "Energy_conserv_err_%": 32.346343994140625,
  "KVL_max": 44560748.0,
  "KCL_max": 2236752.75
}