{
  "Vout_MAE": 38.55207824707031,
  "Vout_RMSE": 45.52097784349678,
  "Vout_R2": 0.2502964735031128,
  "IL_MAE": 162.2802734375,
  "IL_RMSE": 196.39375706091067,
  "IL_R2": 0.3588864803314209,
  "Vc_MAE": 38.149024963378906,
  "Vc_RMSE": 45.23162772313611,
  "Vc_R2": 0.25979703664779663,
  "overall_R2": 0.2896599968274434,
  "KVL_residual_norm": 35887600.0,
  "KCL_residual_norm": 1864819.25,
  "DAE_constraint_error": 2.0351316928863525,
  "Power_balance_RMSE": 3988.292236328125,
  "Energy_conserv_err_%": 29.76681900024414,
  "KVL_max": 44647624.0,
  "KCL_max": 5288346.0
}