{
  "Vin36_D0.4_R1.0": {
    "RK4": {
      "IL_RMSE": 1.420203491601444e-05,
      "Vc_RMSE": 1.708417994247146e-05,
      "time_ms": 41.8811000417918,
      "IL_final": 100.0,
      "Vc_final": 59.999999999999986,
      "IL_ss_err_%": 0.0,
      "Vc_ss_err_%": 2.3684757858670007e-14
    },
    "RK45": {
      "IL_RMSE": 3.695376559609332e-05,
      "Vc_RMSE": 3.420641983142438e-05,
      "time_ms": 17.723099910654128,
      "IL_final": 99.99998758059971,
      "Vc_final": 59.9999791550323,
      "IL_ss_err_%": 1.2419400292174032e-05,
      "Vc_ss_err_%": 3.4741612833973555e-05
    },
    "Radau-IIA": {
      "IL_RMSE": 0.0,
      "Vc_RMSE": 0.0,
      "time_ms": 71.58380001783371,
      "IL_final": 100.00000000027802,
      "Vc_final": 60.000000000133845,
      "IL_ss_err_%": 2.78021161648212e-10,
      "Vc_ss_err_%": 2.2307489189188345e-10
    },
    "BDF": {
      "IL_RMSE": 3.269610789291064e-05,
      "Vc_RMSE": 2.9087327579264297e-05,
      "time_ms": 63.24669998139143,
      "IL_final": 99.99999992134883,
      "Vc_final": 59.999999696014584,
      "IL_ss_err_%": 7.865116913308157e-08,
      "Vc_ss_err_%": 5.066423606573759e-07
    },
    "Gauss-Legendre": {
      "IL_RMSE": 2.676367805364323e-06,
      "Vc_RMSE": 2.8682949638063247e-06,
      "time_ms": 253.36919992696494,
      "IL_final": 100.00000000000001,
      "Vc_final": 59.99999999999999,
      "IL_ss_err_%": 1.4210854715202004e-14,
      "Vc_ss_err_%": 1.1842378929335004e-14
    }
  },
  "Vin36_D0.5_R1.0": {
    "RK4": {
      "IL_RMSE": 9.971504695779558e-06,
      "Vc_RMSE": 1.546796782108809e-05,
      "time_ms": 45.58430006727576,
      "IL_final": 143.9999999999999,
      "Vc_final": 71.99999999999991,
      "IL_ss_err_%": 7.894919286223335e-14,
      "Vc_ss_err_%": 1.1842378929335001e-13
    },
    "RK45": {
      "IL_RMSE": 2.0138895999843835e-05,
      "Vc_RMSE": 2.5294877320759147e-05,
      "time_ms": 22.46290002949536,
      "IL_final": 144.00000745503763,
      "Vc_final": 72.00000987355656,
      "IL_ss_err_%": 5.177109467050892e-06,
      "Vc_ss_err_%": 1.3713273006032978e-05
    },
    "Radau-IIA": {
      "IL_RMSE": 0.0,
      "Vc_RMSE": 0.0,
      "time_ms": 91.49880008772016,
      "IL_final": 143.99999999349754,
      "Vc_final": 71.999999994777,
      "IL_ss_err_%": 4.515597772246514e-09,
      "Vc_ss_err_%": 7.25416763695345e-09
    },
    "BDF": {
      "IL_RMSE": 4.00787372742012e-05,
      "Vc_RMSE": 2.945786688218223e-05,
      "time_ms": 75.35519998054951,
      "IL_final": 143.99999998967112,
      "Vc_final": 71.99999999173946,
      "IL_ss_err_%": 7.172830231007134e-09,
      "Vc_ss_err_%": 1.1472975655932613e-08
    },
    "Gauss-Legendre": {
      "IL_RMSE": 3.165061745606133e-06,
      "Vc_RMSE": 2.984006075753787e-06,
      "time_ms": 278.2261000247672,
      "IL_final": 143.99999999999991,
      "Vc_final": 71.99999999999993,
      "IL_ss_err_%": 5.921189464667501e-14,
      "Vc_ss_err_%": 9.86864910777917e-14
    }
  },
  "Vin48_D0.6_R5.0": {
    "RK4": {
      "IL_RMSE": 1.8403365489576975e-05,
      "Vc_RMSE": 1.8758496335065904e-05,
      "time_ms": 51.059699966572225,
      "IL_final": 60.00278055890657,
      "Vc_final": 120.00087462413246,
      "IL_ss_err_%": 0.004634264844286898,
      "Vc_ss_err_%": 0.000728853443720349
    },
    "RK45": {
      "IL_RMSE": 5.868018547697575e-05,
      "Vc_RMSE": 6.110065904147254e-05,
      "time_ms": 34.57600006368011,
      "IL_final": 60.002686042331895,
      "Vc_final": 120.000881214839,
      "IL_ss_err_%": 0.004476737219825111,
      "Vc_ss_err_%": 0.0007343456991648623
    },
    "Radau-IIA": {
      "IL_RMSE": 0.0,
      "Vc_RMSE": 0.0,
      "time_ms": 153.65679992828518,
      "IL_final": 60.002781472063496,
      "Vc_final": 120.00087024798302,
      "IL_ss_err_%": 0.004635786772494062,
      "Vc_ss_err_%": 0.0007252066525135584
    },
    "BDF": {
      "IL_RMSE": 0.00034343249612050987,
      "Vc_RMSE": 0.0003425698055742936,
      "time_ms": 135.7296999776736,
      "IL_final": 60.0026244793185,
      "Vc_final": 120.00075188174975,
      "IL_ss_err_%": 0.004374132197497715,
      "Vc_ss_err_%": 0.0006265681247915229
    },
    "Gauss-Legendre": {
      "IL_RMSE": 6.117821495794355e-06,
      "Vc_RMSE": 6.201255089691901e-06,
      "time_ms": 382.47070007491857,
      "IL_final": 60.00278052604845,
      "Vc_final": 120.00087462536622,
      "IL_ss_err_%": 0.004634210080745049,
      "Vc_ss_err_%": 0.0007288544718520029
    }
  },
  "Vin60_D0.7_R10.0": {
    "RK4": {
      "IL_RMSE": 2.050330495649797e-05,
      "Vc_RMSE": 2.193178601366325e-05,
      "time_ms": 42.577599990181625,
      "IL_final": 65.76278816391152,
      "Vc_final": 199.57291716807748,
      "IL_ss_err_%": 1.3558177541326804,
      "Vc_ss_err_%": 0.21354141596124526
    },
    "RK45": {
      "IL_RMSE": 0.00010406966207802181,
      "Vc_RMSE": 0.00010737562125522197,
      "time_ms": 50.68710003979504,
      "IL_final": 65.76294491680311,
      "Vc_final": 199.57302578352918,
      "IL_ss_err_%": 1.355582624795304,
      "Vc_ss_err_%": 0.2134871082353982
    },
    "Radau-IIA": {
      "IL_RMSE": 0.0,
      "Vc_RMSE": 0.0,
      "time_ms": 186.60889996681362,
      "IL_final": 65.76279174912919,
      "Vc_final": 199.57291959370605,
      "IL_ss_err_%": 1.3558123763061762,
      "Vc_ss_err_%": 0.21354020314696245
    },
    "BDF": {
      "IL_RMSE": 0.0009107421692709195,
      "Vc_RMSE": 0.0009006004472368756,
      "time_ms": 196.75769994501024,
      "IL_final": 65.76343435918149,
      "Vc_final": 199.57382531101123,
      "IL_ss_err_%": 1.3548484612277325,
      "Vc_ss_err_%": 0.2130873444943689
    },
    "Gauss-Legendre": {
      "IL_RMSE": 7.579518639964997e-06,
      "Vc_RMSE": 9.712197050303578e-06,
      "time_ms": 439.65419998858124,
      "IL_final": 65.76279057810606,
      "Vc_final": 199.5729163076193,
      "IL_ss_err_%": 1.3558141328408702,
      "Vc_ss_err_%": 0.2135418461903385
    }
  }
}