{
  "Vout_MAE": 37.27352523803711,
  "Vout_RMSE": 45.88683962511746,
  "Vout_R2": 0.23819702863693237,
  "IL_MAE": 141.08897399902344,
  "IL_RMSE": 173.70884179784863,
  "IL_R2": 0.49843937158584595,
  "Vc_MAE": 37.27626419067383,
  "Vc_RMSE": 44.93406763882291,
  "Vc_R2": 0.26950395107269287,
  "overall_R2": 0.3353801170984904,
  "KVL_residual_norm": 33866780.0,
  "KCL_residual_norm": 1639112.75,
  "DAE_constraint_error": 8.229984283447266,
  "Power_balance_RMSE": 3851.692138671875,
  "Energy_conserv_err_%": 29.679725646972656,
  "KVL_max": 42559040.0,
  "KCL_max": 5216914.5
}