{
  "DeepONet": {
    "Vout_MAE": 0.34861930318310946,
    "Vout_MSE": 0.21822353622811716,
    "Vout_RMSE": 0.46714402086307083,
    "Vout_R2": 0.785666753920955,
    "Vout_MAPE": 246.19477768822935,
    "IL_MAE": 0.035778406183305425,
    "IL_MSE": 0.0022808457965601795,
    "IL_RMSE": 0.04775820135390548,
    "IL_R2": 0.997691118145936,
    "IL_MAPE": 21.417134087740735,
    "overall_MAE": 0.19219885468320744,
    "overall_MSE": 0.11025219101233867,
    "overall_RMSE": 0.33204245362956025,
    "overall_R2": 0.8900786916951263,
    "overall_MAPE": 133.80595588798502,
    "inference_time_ms": 49.09149999730289,
    "train_time_s": 298.1866952999844,
    "n_params": 598274
  },
  "FNO": {
    "Vout_MAE": 0.3493337534564419,
    "Vout_MSE": 0.2401174817440297,
    "Vout_RMSE": 0.4900178381896211,
    "Vout_R2": 0.7641631136949166,
    "Vout_MAPE": 263.6345296551179,
    "IL_MAE": 0.16875250344671006,
    "IL_MSE": 0.054696331496077076,
    "IL_RMSE": 0.23387246844397286,
    "IL_R2": 0.9446313435719241,
    "IL_MAPE": 52.8330869748093,
    "overall_MAE": 0.259043128451576,
    "overall_MSE": 0.1474069066200534,
    "overall_RMSE": 0.3839360710066891,
    "overall_R2": 0.8530354827412249,
    "overall_MAPE": 158.2338083149636,
    "inference_time_ms": 20.362800045404583,
    "train_time_s": 60.36244600004284,
    "n_params": 550530
  }
}