{
  "CNN1D": {
    "Vout_MAE": 0.29340488526291814,
    "Vout_MSE": 0.18924045021101757,
    "Vout_RMSE": 0.4350177585007508,
    "Vout_R2": 0.8141331559177565,
    "Vout_MAPE": 204.78400555856751,
    "IL_MAE": 0.056542700434499285,
    "IL_MSE": 0.005592051027304788,
    "IL_RMSE": 0.07478001756689275,
    "IL_R2": 0.9943392117242577,
    "IL_MAPE": 23.00971483223189,
    "overall_MAE": 0.1749737928487087,
    "overall_MSE": 0.09741625061916118,
    "overall_RMSE": 0.3121157647719211,
    "overall_R2": 0.9028761095821191,
    "overall_MAPE": 113.89686019539971,
    "inference_time_ms": 11.67059998260811,
    "train_time_s": 61.158245099999476,
    "n_params": 308210
  },
  "TCN": {
    "Vout_MAE": 0.05442702879785445,
    "Vout_MSE": 0.005316408820220513,
    "Vout_RMSE": 0.07291370804053593,
    "Vout_R2": 0.9947783672668103,
    "Vout_MAPE": 51.390271801468536,
    "IL_MAE": 0.05084455866339559,
    "IL_MSE": 0.004675999243883634,
    "IL_RMSE": 0.0683812784604356,
    "IL_R2": 0.9952665235764284,
    "IL_MAPE": 16.69075498004847,
    "overall_MAE": 0.052635793730625026,
    "overall_MSE": 0.004996204032052073,
    "overall_RMSE": 0.07068383147546596,
    "overall_R2": 0.9950187902959698,
    "overall_MAPE": 34.040513390758505,
    "inference_time_ms": 173.10479999287054,
    "train_time_s": 236.47434660000727,
    "n_params": 802402
  },
  "Transformer": {
    "Vout_MAE": 0.05338431058669763,
    "Vout_MSE": 0.004890907140948092,
    "Vout_RMSE": 0.069935020847556,
    "Vout_R2": 0.9951962834902703,
    "Vout_MAPE": 49.174127179745525,
    "IL_MAE": 0.04286263494888942,
    "IL_MSE": 0.003205275978932783,
    "IL_RMSE": 0.05661515679509139,
    "IL_R2": 0.9967553249078976,
    "IL_MAPE": 17.258017403304518,
    "overall_MAE": 0.04812347276779353,
    "overall_MSE": 0.004048091559940437,
    "overall_RMSE": 0.06362461441879579,
    "overall_R2": 0.9959640573459736,
    "overall_MAPE": 33.21607229152502,
    "inference_time_ms": 341.78189997328445,
    "train_time_s": 5099.903185000003,
    "n_params": 884674
  },
  "Autoencoder": {
    "Vout_MAE": 0.04544799173537432,
    "Vout_MSE": 0.00434379421995886,
    "Vout_RMSE": 0.06590746710319598,
    "Vout_R2": 0.9957336429811589,
    "Vout_MAPE": 39.249775039139415,
    "IL_MAE": 0.04853105431702837,
    "IL_MSE": 0.005675821839082782,
    "IL_RMSE": 0.07533805040670206,
    "IL_R2": 0.9942544112052984,
    "IL_MAPE": 12.677547865294613,
    "overall_MAE": 0.046989523026201345,
    "overall_MSE": 0.005009808029520821,
    "overall_RMSE": 0.07077999738288226,
    "overall_R2": 0.9950052271260572,
    "overall_MAPE": 25.963661452217018,
    "inference_time_ms": 1.19270000141114,
    "train_time_s": 15.041325900005177,
    "n_params": 1344640
  }
}