{
  "NeuralODE": {
    "IL_MAE": 180.72809211696898,
    "IL_MSE": 54959.211781018166,
    "IL_RMSE": 234.4338110875182,
    "IL_R2": 0.08234961636906746,
    "IL_MAPE": 65.96909603315993,
    "Vout_MAE": 33.72727732998984,
    "Vout_MSE": 2177.004189399719,
    "Vout_RMSE": 46.65837748357436,
    "Vout_R2": 0.16967796479276176,
    "Vout_MAPE": 32.4227403261559,
    "overall_MAE": 107.22768472347941,
    "overall_MSE": 28568.107985208942,
    "overall_RMSE": 169.02102823379386,
    "overall_R2": 0.4154564416636086,
    "overall_MAPE": 49.195918179657916,
    "train_time_s": 297.4953112999792,
    "n_params": 158658
  },
  "LatentNeuralODE": {
    "IL_MAE": 47.34364783338138,
    "IL_MSE": 7633.750698709276,
    "IL_RMSE": 87.37133797023641,
    "IL_R2": 0.8725397612119158,
    "IL_MAPE": 23.46787329415978,
    "Vout_MAE": 30.801228293350764,
    "Vout_MSE": 1510.490383210493,
    "Vout_RMSE": 38.86502776546664,
    "Vout_R2": 0.42389019954338014,
    "Vout_MAPE": 33.972400793130674,
    "overall_MAE": 39.07243806336607,
    "overall_MSE": 4572.120540959884,
    "overall_RMSE": 67.61745736834449,
    "overall_R2": 0.9064480009827977,
    "overall_MAPE": 28.720137043645227,
    "train_time_s": 268.3513054999639,
    "n_params": 34354
  },
  "ODE-RNN": {
    "IL_MAE": 209.2500479391643,
    "IL_MSE": 91922.51619693343,
    "IL_RMSE": 303.187262590191,
    "IL_R2": -0.5348242727449442,
    "IL_MAPE": 45.68039873184204,
    "Vout_MAE": 47.20083282675062,
    "Vout_MSE": 4482.9027069854665,
    "Vout_RMSE": 66.95448235171015,
    "Vout_R2": -0.7098051154079652,
    "Vout_MAPE": 36.838606707612804,
    "overall_MAE": 128.22544038295746,
    "overall_MSE": 48202.70945195945,
    "overall_RMSE": 219.55115452203717,
    "overall_R2": 0.013704956621841236,
    "overall_MAPE": 41.25950271972742,
    "train_time_s": 87.5264399999869,
    "n_params": 159170
  }
}