{
  "Vout_MAE": 37.11336135864258,
  "Vout_RMSE": 44.35528831562816,
  "Vout_R2": 0.2882012724876404,
  "IL_MAE": 123.9089584350586,
  "IL_RMSE": 156.92497336506068,
  "IL_R2": 0.5906792879104614,
  "Vc_MAE": 36.922996520996094,
  "Vc_RMSE": 44.41204027388364,
  "Vc_R2": 0.2863786220550537,
  "overall_R2": 0.3884197274843852,
  "KVL_residual_norm": 35745712.0,
  "KCL_residual_norm": 1401740.0,
  "DAE_constraint_error": 1.7390966415405273,
  "Power_balance_RMSE": 4306.0830078125,
  "Energy_conserv_err_%": 35.086971282958984,
  "KVL_max": 44331308.0,
  "KCL_max": 3448964.0
}